{
    "A": {
        "model_name": "Model_A_Baseline_CNN",
        "total_params": 2117704,
        "trainable_params": 2117704,
        "file_size_mb": 24.27,
        "total_train_time_sec": 322.7,
        "epochs_trained": 16,
        "test_accuracy": 0.9546916106401637,
        "test_auc": 0.9963360359019526,
        "test_precision": 0.9567086537671805,
        "test_recall": 0.9477266349258839,
        "test_f1": 0.9516987345650841,
        "latency_batched_ms": 0.3349260450160763,
        "latency_unbatched_ms": 77.52873800000016
    },
    "B": {
        "model_name": "Model_B_Augmented_CNN",
        "total_params": 2117710,
        "trainable_params": 2117704,
        "file_size_mb": 24.28,
        "total_train_time_sec": 350.19,
        "epochs_trained": 17,
        "test_accuracy": 0.9196141479099679,
        "test_auc": 0.9951892881681581,
        "test_precision": 0.9203356761211967,
        "test_recall": 0.912663376189937,
        "test_f1": 0.9097262136683796,
        "latency_batched_ms": 0.3193701256942402,
        "latency_unbatched_ms": 76.60460199999945
    },
    "C": {
        "model_name": "Model_C_BN_CNN",
        "total_params": 2118382,
        "trainable_params": 2117928,
        "file_size_mb": 24.31,
        "total_train_time_sec": 922.57,
        "epochs_trained": 24,
        "test_accuracy": 0.9485530546623794,
        "test_auc": 0.9978974157409581,
        "test_precision": 0.9401692020420483,
        "test_recall": 0.9534188988402037,
        "test_f1": 0.943047762275473,
        "latency_batched_ms": 0.5691034492838345,
        "latency_unbatched_ms": 81.99043399999923
    },
    "D": {
        "model_name": "Model_D_Attention_CNN",
        "total_params": 2118480,
        "trainable_params": 2118026,
        "file_size_mb": 24.32,
        "total_train_time_sec": 1255.77,
        "epochs_trained": 30,
        "test_accuracy": 0.9517684887459807,
        "test_auc": 0.9980118664014608,
        "test_precision": 0.9454293991436689,
        "test_recall": 0.944889100624011,
        "test_f1": 0.9432078357046799,
        "latency_batched_ms": 0.547711604793918,
        "latency_unbatched_ms": 76.26695000000042
    },
    "E": {
        "model_name": "Model_E_BN_NoAug_CNN",
        "total_params": 2118376,
        "trainable_params": 2117928,
        "file_size_mb": 24.3,
        "total_train_time_sec": 977.76,
        "epochs_trained": 26,
        "test_accuracy": 0.9690149079216603,
        "test_auc": 0.9984796562216045,
        "test_precision": 0.9708034577648554,
        "test_recall": 0.9682754793686307,
        "test_f1": 0.9695046527092994,
        "latency_batched_ms": 0.5119269219526482,
        "latency_unbatched_ms": 76.93934000000127
    },
    "F": {
        "model_name": "Model_F_Attention_NoAug_CNN",
        "total_params": 2118474,
        "trainable_params": 2118026,
        "file_size_mb": 24.32,
        "total_train_time_sec": 1395.33,
        "epochs_trained": 36,
        "test_accuracy": 0.9713534054370068,
        "test_auc": 0.9987326623273616,
        "test_precision": 0.9726334576791928,
        "test_recall": 0.9699234663577359,
        "test_f1": 0.9712552006845679,
        "latency_batched_ms": 0.5345241449868458,
        "latency_unbatched_ms": 77.17165700000024
    },
    "G": {
        "model_name": "Model_H_ResNet50_Transfer",
        "total_params": 24114314,
        "trainable_params": 526600,
        "file_size_mb": 96.64,
        "total_train_time_sec": 2983.33,
        "epochs_trained": 39,
        "test_accuracy": 0.9207833966676411,
        "test_auc": 0.9942322126207623,
        "test_precision": 0.922299842471277,
        "test_recall": 0.9164926089007641,
        "test_f1": 0.9192328185213317,
        "latency_batched_ms": 4.0332345805320085,
        "latency_unbatched_ms": 91.69106300000124
    }
}